URL,Title,Paragraph
https://www.comp.tmu.ac.jp/e-learning/kibaco/documents/1.html,ログイン・ログアウト,ログイン・ログアウト
https://www.comp.tmu.ac.jp/e-learning/kibaco/documents/1.html,ログイン・ログアウト,kibacoはEdgeなどのWebブラウザを使って利用します。
https://www.comp.tmu.ac.jp/e-learning/kibaco/documents/1.html,ログイン・ログアウト,注意InternetExplorerは利用できなくなりました。
https://www.comp.tmu.ac.jp/e-learning/kibaco/documents/1-1.html,ログイン,ログイン
https://www.comp.tmu.ac.jp/e-learning/kibaco/documents/1-1.html,ログイン,kibacoはEdgeなどのWebブラウザを使って利用します。注意InternetExplorerは利用できなくなりました
https://www.comp.tmu.ac.jp/e-learning/kibaco/documents/1-1.html,ログイン,手順
https://www.comp.tmu.ac.jp/e-learning/kibaco/documents/1-1.html,ログイン,①ブラウザを立ち上げ、次のURLを入力します。https://kibacotmuacjp/
https://www.comp.tmu.ac.jp/e-learning/kibaco/documents/1-1.html,ログイン,②教員・学生は左側のリンクを、職員とローカルIDは右側のリンクをクリックします。
https://www.comp.tmu.ac.jp/e-learning/kibaco/documents/1-1.html,ログイン,③職員とローカルIDの場合、上の画面が表示されます。ユーザIDとパスワードを入力しログインをクリックします。
https://www.comp.tmu.ac.jp/e-learning/kibaco/documents/1-1.html,ログイン,④教員・学生の場合、上の画面が表示されます。ユーザIDとパスワードを入力しログインをクリックします。
https://www.comp.tmu.ac.jp/e-learning/kibaco/documents/1-1.html,ログイン,⑤ログインが成功すると、マイページが表示されます。
https://www.comp.tmu.ac.jp/e-learning/kibaco/documents/1-2.html,ログアウト,ログアウト
https://www.comp.tmu.ac.jp/e-learning/kibaco/documents/1-2.html,ログアウト,①画面右上のアイコンをクリックします。
https://www.comp.tmu.ac.jp/e-learning/kibaco/documents/1-2.html,ログアウト,②ログアウトをクリック
https://www.comp.tmu.ac.jp/e-learning/kibaco/documents/1-3.html,ログインできない場合,ログインできない場合
https://www.comp.tmu.ac.jp/e-learning/kibaco/documents/1-3.html,ログインできない場合,①ログインに失敗した場合、上の画面が表示されます
https://www.comp.tmu.ac.jp/e-learning/kibaco/documents/1-3.html,ログインできない場合,②リンクをクリックします
https://www.comp.tmu.ac.jp/e-learning/kibaco/documents/1-3.html,ログインできない場合,③FAQのページが表示されますので、参照の上ご対応ください。
https://www.comp.tmu.ac.jp/e-learning/kibaco/documents/2.html,画面の構成,画面の構成
https://www.comp.tmu.ac.jp/e-learning/kibaco/documents/2.html,画面の構成,基本的な画面の構成を説明します。
https://www.comp.tmu.ac.jp/e-learning/kibaco/documents/2.html,画面の構成,①授業選択領域登録している授業を表示します。
https://www.comp.tmu.ac.jp/e-learning/kibaco/documents/2.html,画面の構成,ヒント画面下部にあるアイコン（
https://www.comp.tmu.ac.jp/e-learning/kibaco/documents/2.html,画面の構成,）をクリックすると、この領域を狭くすることが出来ます。③メイン領域選択した機能のコンテンツを表示します。
https://www.comp.tmu.ac.jp/e-learning/kibaco/documents/2-1.html,マイページモードと授業モード,マイページモードと授業モード
https://www.comp.tmu.ac.jp/e-learning/kibaco/documents/2-1.html,マイページモードと授業モード,授業選択領域にあるタブをクリックすることにより次のモードを選択できます。なお、マイページモードと授業モードでは機能選択領域に表示される機能が異なります。
https://www.comp.tmu.ac.jp/e-learning/kibaco/documents/2-1.html,マイページモードと授業モード,マイページモード：個人設定を行います。また、参加しているすべての授業について情報を表示します。
https://www.comp.tmu.ac.jp/e-learning/kibaco/documents/2-1.html,マイページモードと授業モード,授業モード：それぞれの授業の管理を行います。
https://www.comp.tmu.ac.jp/e-learning/kibaco/documents/2-1.html,マイページモードと授業モード,マイページモード画面
https://www.comp.tmu.ac.jp/e-learning/kibaco/documents/2-1.html,マイページモードと授業モード,授業モード画面
https://www.comp.tmu.ac.jp/e-learning/kibaco/documents/2-2.html,リセットボタン,リセットボタン
https://www.comp.tmu.ac.jp/e-learning/kibaco/documents/2-2.html,リセットボタン,メイン領域に表示されている各機能のタイトルをクリックするとリセットすることが出来ます。リセットボタンを利用することで、それぞれの機能のトップページを安全に表示することが出来ます。
https://www.comp.tmu.ac.jp/e-learning/kibaco/documents/2-2.html,リセットボタン,「リセットして機能名トップに戻る」のボタンでもリセットすることができます。
https://www.comp.tmu.ac.jp/e-learning/kibaco/documents/2-2.html,リセットボタン,リセットボタンを押した場合は、行っていた作業内容が初期化されます。作業内容を保存したい場合は「保存」ボタンや「更新」ボタンを押した後、各機能のトップページを表示するよう、ご注意下さい。
https://www.comp.tmu.ac.jp/e-learning/kibaco/documents/2-2.html,リセットボタン,注意ブラウザの「戻る」ボタンとの違いテスト等でのトラブルの恐れがあるので、ブラウザの「戻る」ボタンは使わないでください。
https://www.comp.tmu.ac.jp/e-learning/kibaco/documents/3.html,画面設定機能,画面設定機能
https://www.comp.tmu.ac.jp/e-learning/kibaco/documents/3.html,画面設定機能,画面設定では、授業ボタンの表示・非表示・並べ替えの設定が行えます。
https://www.comp.tmu.ac.jp/e-learning/kibaco/documents/3-1.html,表示されている授業ボタンを非表示にする,表示されている授業ボタンを非表示にする
https://www.comp.tmu.ac.jp/e-learning/kibaco/documents/3-1.html,表示されている授業ボタンを非表示にする,①画面右上のアイコン（
https://www.comp.tmu.ac.jp/e-learning/kibaco/documents/3-1.html,表示されている授業ボタンを非表示にする,）をクリックします。
https://www.comp.tmu.ac.jp/e-learning/kibaco/documents/3-1.html,表示されている授業ボタンを非表示にする,②「★」リンクをクリックします。☆が非表示となります。③×をクリックします。
https://www.comp.tmu.ac.jp/e-learning/kibaco/documents/3-1.html,表示されている授業ボタンを非表示にする,④リロードをクリックします。
https://www.comp.tmu.ac.jp/e-learning/kibaco/documents/3-1.html,表示されている授業ボタンを非表示にする,⑤☆に設定した授業のタブが非表示になります。
https://www.comp.tmu.ac.jp/e-learning/kibaco/documents/3-2.html,非表示の授業ボタンを表示させる,非表示の授業ボタンを表示させる
https://www.comp.tmu.ac.jp/e-learning/kibaco/documents/3-2.html,非表示の授業ボタンを表示させる,①画面右上のアイコン（
https://www.comp.tmu.ac.jp/e-learning/kibaco/documents/3-2.html,非表示の授業ボタンを表示させる,）をクリックします。
https://www.comp.tmu.ac.jp/e-learning/kibaco/documents/3-2.html,非表示の授業ボタンを表示させる,②「☆」リンクをクリックします。★が表示となります。③×をクリックします。
https://www.comp.tmu.ac.jp/e-learning/kibaco/documents/3-2.html,非表示の授業ボタンを表示させる,④リロードをクリックします
https://www.comp.tmu.ac.jp/e-learning/kibaco/documents/3-2.html,非表示の授業ボタンを表示させる,⑤★に設定した授業のタブが表示されます
https://www.comp.tmu.ac.jp/e-learning/kibaco/documents/3-3.html,表示されている授業ボタンの順番を並び替える,表示されている授業ボタンの順番を並び替える
https://www.comp.tmu.ac.jp/e-learning/kibaco/documents/3-3.html,表示されている授業ボタンの順番を並び替える,①画面右上のアイコン（
https://www.comp.tmu.ac.jp/e-learning/kibaco/documents/3-3.html,表示されている授業ボタンの順番を並び替える,）をクリックします。
https://www.comp.tmu.ac.jp/e-learning/kibaco/documents/3-3.html,表示されている授業ボタンの順番を並び替える,②お気に入りの編成をクリックします。
https://www.comp.tmu.ac.jp/e-learning/kibaco/documents/3-3.html,表示されている授業ボタンの順番を並び替える,③順番を変更したい授業の右端にあるアイコン（）をドラッグ（マウスボタンを押したままに）します。
https://www.comp.tmu.ac.jp/e-learning/kibaco/documents/3-3.html,表示されている授業ボタンの順番を並び替える,④順番を入れ替えたいところまでドラッグ（マウスボタンを押したままに）しながら移動します。
https://www.comp.tmu.ac.jp/e-learning/kibaco/documents/3-3.html,表示されている授業ボタンの順番を並び替える,⑤入れ替えたいところでドロップ（マウスボタンを離す）します。⑥×をクリックします。
https://www.comp.tmu.ac.jp/e-learning/kibaco/documents/3-3.html,表示されている授業ボタンの順番を並び替える,⑦リロードをクリックします。
https://www.comp.tmu.ac.jp/e-learning/kibaco/documents/3-3.html,表示されている授業ボタンの順番を並び替える,⑧順番が入れ替わります。
https://www.comp.tmu.ac.jp/e-learning/kibaco/documents/4.html,アカウント機能,アカウント機能
https://www.comp.tmu.ac.jp/e-learning/kibaco/documents/4.html,アカウント機能,アカウントでは、アカウント詳細の表示、ローカルIDのパスワードの変更が行えます。
https://www.comp.tmu.ac.jp/e-learning/kibaco/documents/4-1.html,ローカルIDのパスワードを変更する,ローカルIDのパスワードを変更する
https://www.comp.tmu.ac.jp/e-learning/kibaco/documents/4-1.html,ローカルIDのパスワードを変更する,アカウント機能では、アカウント詳細の表示、ローカルIDのパスワードの変更が行えます。
https://www.comp.tmu.ac.jp/e-learning/kibaco/documents/4-1.html,ローカルIDのパスワードを変更する,①「パスワードを変更」ボタンをクリックします。
https://www.comp.tmu.ac.jp/e-learning/kibaco/documents/4-1.html,ローカルIDのパスワードを変更する,ヒントローカルIDでkibacoにログインしている場合のみボタンが表示されます。
https://www.comp.tmu.ac.jp/e-learning/kibaco/documents/4-1.html,ローカルIDのパスワードを変更する,②現在のパスワードを入力します。
https://www.comp.tmu.ac.jp/e-learning/kibaco/documents/4-1.html,ローカルIDのパスワードを変更する,③新規パスワードを入力します。
https://www.comp.tmu.ac.jp/e-learning/kibaco/documents/4-1.html,ローカルIDのパスワードを変更する,④新規パスワードを再入力します。
https://www.comp.tmu.ac.jp/e-learning/kibaco/documents/4-1.html,ローカルIDのパスワードを変更する,⑤「詳細を更新」ボタンをクリックします。
https://www.comp.tmu.ac.jp/e-learning/kibaco/documents/4-1.html,ローカルIDのパスワードを変更する,新規パスワードは以下のルールで設定してください。
https://www.comp.tmu.ac.jp/e-learning/kibaco/documents/5.html,授業情報の機能,授業情報の機能
https://www.comp.tmu.ac.jp/e-learning/kibaco/documents/5.html,授業情報の機能,授業情報機能では、該当授業に対して以下の変更を行うことができます。
https://www.comp.tmu.ac.jp/e-learning/kibaco/documents/5-1.html,授業情報を編集する,授業情報を編集する
https://www.comp.tmu.ac.jp/e-learning/kibaco/documents/5-1.html,授業情報を編集する,①編集したい授業ボタンをクリックします。
https://www.comp.tmu.ac.jp/e-learning/kibaco/documents/5-1.html,授業情報を編集する,②「授業情報」リンクをクリックします。
https://www.comp.tmu.ac.jp/e-learning/kibaco/documents/5-1.html,授業情報を編集する,③「授業情報を編集」リンクをクリックします。
https://www.comp.tmu.ac.jp/e-learning/kibaco/documents/5-1.html,授業情報を編集する,④授業のタイトルを変更する場合に編集します。※時間割や授業ボタンに表示される授業名です。
https://www.comp.tmu.ac.jp/e-learning/kibaco/documents/5-1.html,授業情報を編集する,⑤この授業の表示に使う言語を指定します。ユーザ情報（デフォルト）の場合はユーザが設定している言語で表示されます。英語や日本語を指定した場合、各ユーザの言語情報は無視されここで指定した言語で表示されます。
https://www.comp.tmu.ac.jp/e-learning/kibaco/documents/5-1.html,授業情報を編集する,⑥説明文を編集します。
https://www.comp.tmu.ac.jp/e-learning/kibaco/documents/5-1.html,授業情報を編集する,⑦短文説明を入力します。
https://www.comp.tmu.ac.jp/e-learning/kibaco/documents/5-1.html,授業情報を編集する,⑧WebシラバスシステムのURLが入力してあります。
https://www.comp.tmu.ac.jp/e-learning/kibaco/documents/5-1.html,授業情報を編集する,⑨授業の到達目標及びテーマを入力します。
https://www.comp.tmu.ac.jp/e-learning/kibaco/documents/5-1.html,授業情報を編集する,⑩授業の概要と方法を入力します。
https://www.comp.tmu.ac.jp/e-learning/kibaco/documents/5-1.html,授業情報を編集する,⑪授業計画を入力します。
https://www.comp.tmu.ac.jp/e-learning/kibaco/documents/5-1.html,授業情報を編集する,⑫「続ける」ボタンを押します。
https://www.comp.tmu.ac.jp/e-learning/kibaco/documents/5-1.html,授業情報を編集する,⑬「終了」ボタンを押します。
https://www.comp.tmu.ac.jp/e-learning/kibaco/documents/5-2.html,授業機能を追加・削除する,授業機能を追加・削除する
https://www.comp.tmu.ac.jp/e-learning/kibaco/documents/5-2.html,授業機能を追加・削除する,①「機能を編集」リンクをクリックします。
https://www.comp.tmu.ac.jp/e-learning/kibaco/documents/5-2.html,授業機能を追加・削除する,②追加したい機能にチェックを入れます。または、削除したい機能のチェックを外します。
https://www.comp.tmu.ac.jp/e-learning/kibaco/documents/5-2.html,授業機能を追加・削除する,③「続ける」ボタンを押します。
https://www.comp.tmu.ac.jp/e-learning/kibaco/documents/5-2.html,授業機能を追加・削除する,④「完了」ボタンを押します。機能が追加、または削除されます。機能の追加・削除は、受講生側にも反映されます。
https://www.comp.tmu.ac.jp/e-learning/kibaco/documents/5-3.html,授業機能を並べ替える,授業機能を並べ替える
https://www.comp.tmu.ac.jp/e-learning/kibaco/documents/5-3.html,授業機能を並べ替える,①「機能順序」リンクをクリックします。
https://www.comp.tmu.ac.jp/e-learning/kibaco/documents/5-3.html,授業機能を並べ替える,②移動したい機能をクリックします。（ここでは「テストアンケート」機能を移動する手順を説明します。）
https://www.comp.tmu.ac.jp/e-learning/kibaco/documents/5-3.html,授業機能を並べ替える,③クリックしたまま、移動させたい場所までカーソルを移動させます。
https://www.comp.tmu.ac.jp/e-learning/kibaco/documents/5-3.html,授業機能を並べ替える,④クリックを離します。
https://www.comp.tmu.ac.jp/e-learning/kibaco/documents/5-3.html,授業機能を並べ替える,⑤「保存」ボタンを押します。
https://www.comp.tmu.ac.jp/e-learning/kibaco/documents/5-3.html,授業機能を並べ替える,⑥機能の順番が変更されます。機能の順番の変更は、受講生側にも反映されます。
https://www.comp.tmu.ac.jp/e-learning/kibaco/documents/5-3.html,授業機能を並べ替える,ロックします受講生のメニューに表示されなくなります。直接URLを指定してもアクセスすることはできません。
https://www.comp.tmu.ac.jp/e-learning/kibaco/documents/5-4.html,授業に受講生・TAを登録する,授業に受講生・TAを登録する
https://www.comp.tmu.ac.jp/e-learning/kibaco/documents/5-4.html,授業に受講生・TAを登録する,ヒント教員の登録は「
https://www.comp.tmu.ac.jp/e-learning/kibaco/documents/5-4.html,授業に受講生・TAを登録する,FAQ:kibacoで授業に他の教員を追加したい
https://www.comp.tmu.ac.jp/e-learning/kibaco/documents/5-4.html,授業に受講生・TAを登録する,①「受講生・TAを登録」リンクをクリックします。
https://www.comp.tmu.ac.jp/e-learning/kibaco/documents/5-4.html,授業に受講生・TAを登録する,②追加したい受講生・TAの「学修番号」、「電子メールアドレス」、「ユーザ名」のいずれかつを入力します。
https://www.comp.tmu.ac.jp/e-learning/kibaco/documents/5-4.html,授業に受講生・TAを登録する,ヒント一度に複数の受講生・TAを登録する場合は、上図のように、行に人ずつ入力します。また、Excel等からデータをコピー＆ペーストして、一括で貼り付けすることが可能です。③参加者の権限の割り当て方法を選択します。（ここでは「参加者全員に同じ権限を割り当てる」の説明をします。）④「続ける」ボタンを押します。
https://www.comp.tmu.ac.jp/e-learning/kibaco/documents/5-4.html,授業に受講生・TAを登録する,⑤割り当てる権限を選択します。
https://www.comp.tmu.ac.jp/e-learning/kibaco/documents/5-4.html,授業に受講生・TAを登録する,⑥「続ける」ボタンを押します。
https://www.comp.tmu.ac.jp/e-learning/kibaco/documents/5-4.html,授業に受講生・TAを登録する,⑦授業に追加されたことを知らせる電子メールを、登録完了後に送るかどうかを選択します。「今すぐ送る」を選択した場合は、以下の⑨で「完了」ボタンを押したときに、電子メールが送信されます。
https://www.comp.tmu.ac.jp/e-learning/kibaco/documents/5-4.html,授業に受講生・TAを登録する,⑧「続ける」ボタンを押します。
https://www.comp.tmu.ac.jp/e-learning/kibaco/documents/5-4.html,授業に受講生・TAを登録する,⑨「完了」ボタンを押します。
https://www.comp.tmu.ac.jp/e-learning/kibaco/documents/5-4.html,授業に受講生・TAを登録する,⑩受講生・TAが追加されます。
https://www.comp.tmu.ac.jp/e-learning/kibaco/documents/5-5.html,学生に授業の自己登録を許可する,学生に授業の自己登録を許可する
https://www.comp.tmu.ac.jp/e-learning/kibaco/documents/5-5.html,学生に授業の自己登録を許可する,「．授業に受講生・TAを登録する」では授業担当教員が受講生を登録する方法を説明しておりますが、以下の操作により、学生が自ら授業に参加登録することを許可することもできます。初期状態では、許可していません。
https://www.comp.tmu.ac.jp/e-learning/kibaco/documents/5-5.html,学生に授業の自己登録を許可する,①「自己登録機能」リンクをクリックします。
https://www.comp.tmu.ac.jp/e-learning/kibaco/documents/5-5.html,学生に授業の自己登録を許可する,②「自己登録を可能にする」のチェックボックスにチェックを入れます。
https://www.comp.tmu.ac.jp/e-learning/kibaco/documents/5-5.html,学生に授業の自己登録を許可する,③「更新」ボタンを押します。
https://www.comp.tmu.ac.jp/e-learning/kibaco/documents/5-6.html,授業内の自己登録学生を確認、削除する,授業内の自己登録学生を確認、削除する
https://www.comp.tmu.ac.jp/e-learning/kibaco/documents/5-6.html,授業内の自己登録学生を確認、削除する,①「授業情報」リンクをクリックします。
https://www.comp.tmu.ac.jp/e-learning/kibaco/documents/5-6.html,授業内の自己登録学生を確認、削除する,②「参加者を管理」リンクをクリックします。
https://www.comp.tmu.ac.jp/e-learning/kibaco/documents/5-6.html,授業内の自己登録学生を確認、削除する,上記「．受講生・TAを登録する」および「．学生に自己登録を許可する」により仮登録した学生は履修状態の項目が「仮登録」ステータスとなっており、「本登録」ステータスの学生(正式な履修登録をした学生)と見分けることが可能です。
https://www.comp.tmu.ac.jp/e-learning/kibaco/documents/5-6.html,授業内の自己登録学生を確認、削除する,ヒント仮登録と本登録の違いは
https://www.comp.tmu.ac.jp/e-learning/kibaco/documents/5-6.html,授業内の自己登録学生を確認、削除する,「FAQ:登録した受講生が仮登録となっていますが、本登録との違いはありますか」
https://www.comp.tmu.ac.jp/e-learning/kibaco/documents/5-6.html,授業内の自己登録学生を確認、削除する,また、ここでは対象者を授業から削除することが可能なため、仮登録学生を削除する必要が生じた場合はここで操作を行います。方法は以下の通りです。
https://www.comp.tmu.ac.jp/e-learning/kibaco/documents/5-6.html,授業内の自己登録学生を確認、削除する,①削除前に対象者が仮登録学生で間違いないか注意してご確認ください。
https://www.comp.tmu.ac.jp/e-learning/kibaco/documents/5-6.html,授業内の自己登録学生を確認、削除する,②削除したい仮登録学生の右端にある削除チェックボックスをチェックしてください。
https://www.comp.tmu.ac.jp/e-learning/kibaco/documents/5-6.html,授業内の自己登録学生を確認、削除する,③「参加者を更新」ボタンをクリックします。
https://www.comp.tmu.ac.jp/e-learning/kibaco/documents/5-7.html,他の授業のデータを再利用する,他の授業のデータを再利用する
https://www.comp.tmu.ac.jp/e-learning/kibaco/documents/5-7.html,他の授業のデータを再利用する,他の授業のデータを一括で再利用する
https://www.comp.tmu.ac.jp/e-learning/kibaco/documents/5-7.html,他の授業のデータを再利用する,以下の操作により、他の授業のデータを一括で取り込むことができます。
https://www.comp.tmu.ac.jp/e-learning/kibaco/documents/5-7.html,他の授業のデータを再利用する,①「他の授業のデータを再利用」リンクをクリックします。
https://www.comp.tmu.ac.jp/e-learning/kibaco/documents/5-7.html,他の授業のデータを再利用する,②「自分のデータをマージしたい」リンクをクリックします。
https://www.comp.tmu.ac.jp/e-learning/kibaco/documents/5-7.html,他の授業のデータを再利用する,③再利用する授業名のチェックボックスにチェックを入れ、「続ける」ボタンをクリックします。
https://www.comp.tmu.ac.jp/e-learning/kibaco/documents/5-7.html,他の授業のデータを再利用する,④再利用する機能名のチェックボックスにチェックを入れます。
https://www.comp.tmu.ac.jp/e-learning/kibaco/documents/5-7.html,他の授業のデータを再利用する,⑤「完了」ボタンをクリックします。
https://www.comp.tmu.ac.jp/e-learning/kibaco/documents/5-7.html,他の授業のデータを再利用する,他の授業のデータを個別に再利用する
https://www.comp.tmu.ac.jp/e-learning/kibaco/documents/5-7.html,他の授業のデータを再利用する,以下の操作により、他の授業のデータを個別に取り込むことができます。ここでは課題データの再利用について説明します。課題機能とテスト/アンケート機能では、一括と個別の取り込み方法を選択できます。
https://www.comp.tmu.ac.jp/e-learning/kibaco/documents/5-7.html,他の授業のデータを再利用する,①「課題」リンクをクリックします。
https://www.comp.tmu.ac.jp/e-learning/kibaco/documents/5-7.html,他の授業のデータを再利用する,②操作前の課題を確認します。
https://www.comp.tmu.ac.jp/e-learning/kibaco/documents/5-7.html,他の授業のデータを再利用する,③「授業情報」リンクをクリックします。
https://www.comp.tmu.ac.jp/e-learning/kibaco/documents/5-7.html,他の授業のデータを再利用する,④「他の授業のデータを再利用」リンクをクリックします。
https://www.comp.tmu.ac.jp/e-learning/kibaco/documents/5-7.html,他の授業のデータを再利用する,⑤「自分のデータをマージしたい」リンクをクリックします。
https://www.comp.tmu.ac.jp/e-learning/kibaco/documents/5-7.html,他の授業のデータを再利用する,⑥再利用する授業名のチェックボックスにチェックを入れ、「続ける」ボタンをクリックします。
https://www.comp.tmu.ac.jp/e-learning/kibaco/documents/5-7.html,他の授業のデータを再利用する,⑦再利用する課題機能のチェックボックスにチェックを入れます。
https://www.comp.tmu.ac.jp/e-learning/kibaco/documents/5-7.html,他の授業のデータを再利用する,⑧課題機能のチェックボックスにチェックを入れた場合、その授業に登録されている課題がすべて表示されます。(ドラフト、締切後の課題を含む)
https://www.comp.tmu.ac.jp/e-learning/kibaco/documents/5-7.html,他の授業のデータを再利用する,⑨再利用したい内容に応じてチェックボックスにチェックを入れます。
https://www.comp.tmu.ac.jp/e-learning/kibaco/documents/5-7.html,他の授業のデータを再利用する,⑩「完了」ボタンをクリックします。
https://www.comp.tmu.ac.jp/e-learning/kibaco/documents/5-7.html,他の授業のデータを再利用する,⑪「課題」リンクをクリックします。
https://www.comp.tmu.ac.jp/e-learning/kibaco/documents/5-7.html,他の授業のデータを再利用する,⑫操作後の課題を確認します。再利用した課題データはドラフトで登録されます。
https://www.comp.tmu.ac.jp/e-learning/kibaco/documents/5-7.html,他の授業のデータを再利用する,⑬テスト/アンケート機能のチェックボックスにチェックを入れた場合、その授業の「下書きのテスト」に登録されているテスト/アンケートがすべて表示されます。(公開済みテストはアクティブ、非アクティブに関わらず表示されません。)
https://www.comp.tmu.ac.jp/e-learning/kibaco/documents/5-7.html,他の授業のデータを再利用する,⑭再利用したテスト/アンケートデータは「下書きのテスト」で登録されます。
https://www.comp.tmu.ac.jp/e-learning/kibaco/documents/5-8.html,期日をまとめて管理する,期日をまとめて管理する
https://www.comp.tmu.ac.jp/e-learning/kibaco/documents/5-8.html,期日をまとめて管理する,締切日などをまとめて管理することができます。
https://www.comp.tmu.ac.jp/e-learning/kibaco/documents/5-8.html,期日をまとめて管理する,①「期日管理」をクリックします。
https://www.comp.tmu.ac.jp/e-learning/kibaco/documents/5-8.html,期日をまとめて管理する,②変更したい期日の種類を選びます。
https://www.comp.tmu.ac.jp/e-learning/kibaco/documents/5-8.html,期日をまとめて管理する,③期日を変更します。
https://www.comp.tmu.ac.jp/e-learning/kibaco/documents/5-8.html,期日をまとめて管理する,④「更新」をクリックします。
https://www.comp.tmu.ac.jp/e-learning/kibaco/documents/5-8.html,期日をまとめて管理する,⑤「更新」をクリックします。
https://www.comp.tmu.ac.jp/e-learning/kibaco/documents/5-8.html,期日をまとめて管理する,⑥更新されたことを表すメッセージが画面上部に表示されます。注意このメッセージは一定時間後に自動的に消えます。
https://www.comp.tmu.ac.jp/e-learning/kibaco/documents/6.html,お知らせ機能,お知らせ機能
https://www.comp.tmu.ac.jp/e-learning/kibaco/documents/6.html,お知らせ機能,お知らせ機能では、授業に参加している受講生に向けて、お知らせを掲載することができます。
https://www.comp.tmu.ac.jp/e-learning/kibaco/documents/6-1.html,お知らせを追加する,お知らせを追加する
https://www.comp.tmu.ac.jp/e-learning/kibaco/documents/6-1.html,お知らせを追加する,①お知らせを追加したい授業ボタンをクリックします。
https://www.comp.tmu.ac.jp/e-learning/kibaco/documents/6-1.html,お知らせを追加する,②「お知らせ」リンクをクリックします。
https://www.comp.tmu.ac.jp/e-learning/kibaco/documents/6-1.html,お知らせを追加する,③「追加」リンクをクリックします。
https://www.comp.tmu.ac.jp/e-learning/kibaco/documents/6-1.html,お知らせを追加する,④件名を入力します。
https://www.comp.tmu.ac.jp/e-learning/kibaco/documents/6-1.html,お知らせを追加する,⑤本文を入力します。
https://www.comp.tmu.ac.jp/e-learning/kibaco/documents/6-1.html,お知らせを追加する,⑥アクセスを選択します。
https://www.comp.tmu.ac.jp/e-learning/kibaco/documents/6-1.html,お知らせを追加する,⑦表示方法を選択します。常に表示するか、下書きとして保存するか、表示期間を設けて表示するかを選択できます。
https://www.comp.tmu.ac.jp/e-learning/kibaco/documents/6-1.html,お知らせを追加する,⑧電子メールによる通知を「する」にするとアクセスで指定した対象にメールを送信します。注意電子メールによる通知の設定は保存されません。お知らせ修正時にメールを再度送信したい場合は「する」に変更してください。
https://www.comp.tmu.ac.jp/e-learning/kibaco/documents/6-1.html,お知らせを追加する,⑨「追加」ボタンを押します。メールによる通知を「する」にした場合、このタイミングでメールが送信されます。
https://www.comp.tmu.ac.jp/e-learning/kibaco/documents/6-1.html,お知らせを追加する,⑩お知らせが追加されます。
https://www.comp.tmu.ac.jp/e-learning/kibaco/documents/6-1.html,お知らせを追加する,注意新しいお知らせを作成する際、既存のお知らせを修正して再利用しないでください。
https://www.comp.tmu.ac.jp/e-learning/kibaco/documents/7.html,資料配布機能,資料配布機能
https://www.comp.tmu.ac.jp/e-learning/kibaco/documents/7.html,資料配布機能,資料配布機能では、授業で使用する資料をアップロードし、受講生に配布することができます。
https://www.comp.tmu.ac.jp/e-learning/kibaco/documents/7-1.html,資料を配布する,資料を配布する
https://www.comp.tmu.ac.jp/e-learning/kibaco/documents/7-1.html,資料を配布する,①資料を配布したい授業ボタンをクリックします。
https://www.comp.tmu.ac.jp/e-learning/kibaco/documents/7-1.html,資料を配布する,②「資料」リンクをクリックします。
https://www.comp.tmu.ac.jp/e-learning/kibaco/documents/7-1.html,資料を配布する,③「アクション」をクリックします。
https://www.comp.tmu.ac.jp/e-learning/kibaco/documents/7-1.html,資料を配布する,④メニューが表示されるので、「ファイルをアップロード」をクリックします。
https://www.comp.tmu.ac.jp/e-learning/kibaco/documents/7-1.html,資料を配布する,⑤点線の枠内を押します。
https://www.comp.tmu.ac.jp/e-learning/kibaco/documents/7-1.html,資料を配布する,⑥ポップアップ画面が表示されるので、配布したいファイルを選択します。
https://www.comp.tmu.ac.jp/e-learning/kibaco/documents/7-1.html,資料を配布する,⑦「開く」ボタンを押します。ヒント下図のようにファイルをドラッグ＆ドロップする方法もあります。
https://www.comp.tmu.ac.jp/e-learning/kibaco/documents/7-1.html,資料を配布する,ヒント複数のファイルを一度にアップロードする場合は、点線の枠内をクリックし、⑤～⑦を繰り返します。
https://www.comp.tmu.ac.jp/e-learning/kibaco/documents/7-1.html,資料を配布する,⑧「続ける」ボタンを押します。
https://www.comp.tmu.ac.jp/e-learning/kibaco/documents/7-1.html,資料を配布する,⑨ファイルがアップロードされ、受講生がダウンロード可能な状態になります。
https://www.comp.tmu.ac.jp/e-learning/kibaco/documents/7-2.html,資料をフォルダにまとめる,資料をフォルダにまとめる
https://www.comp.tmu.ac.jp/e-learning/kibaco/documents/7-2.html,資料をフォルダにまとめる,．フォルダを作成する
https://www.comp.tmu.ac.jp/e-learning/kibaco/documents/7-2.html,資料をフォルダにまとめる,①フォルダアイコン（
https://www.comp.tmu.ac.jp/e-learning/kibaco/documents/7-2.html,資料をフォルダにまとめる,もしくは
https://www.comp.tmu.ac.jp/e-learning/kibaco/documents/7-2.html,資料をフォルダにまとめる,）が表示されている行の「アクション」をクリックします。
https://www.comp.tmu.ac.jp/e-learning/kibaco/documents/7-2.html,資料をフォルダにまとめる,②メニューが表示されるので、「フォルダを作成」をクリックします。
https://www.comp.tmu.ac.jp/e-learning/kibaco/documents/7-2.html,資料をフォルダにまとめる,③フォルダ名を入力します。
https://www.comp.tmu.ac.jp/e-learning/kibaco/documents/7-2.html,資料をフォルダにまとめる,④「フォルダを今すぐ作成」ボタンを押します。
https://www.comp.tmu.ac.jp/e-learning/kibaco/documents/7-2.html,資料をフォルダにまとめる,⑤新しいフォルダが作成されます。
https://www.comp.tmu.ac.jp/e-learning/kibaco/documents/7-2.html,資料をフォルダにまとめる,．作成したフォルダに資料をまとめる
https://www.comp.tmu.ac.jp/e-learning/kibaco/documents/7-2.html,資料をフォルダにまとめる,①フォルダにまとめたいファイルの「アクション」をクリックします。
https://www.comp.tmu.ac.jp/e-learning/kibaco/documents/7-2.html,資料をフォルダにまとめる,②メニューが表示されるので、「移動」をクリックします。
https://www.comp.tmu.ac.jp/e-learning/kibaco/documents/7-2.html,資料をフォルダにまとめる,③移動先フォルダの「ペースト」アイコンをクリックします。
https://www.comp.tmu.ac.jp/e-learning/kibaco/documents/7-2.html,資料をフォルダにまとめる,④ファイルがフォルダの中に移動されます。
https://www.comp.tmu.ac.jp/e-learning/kibaco/documents/7-3.html,他の授業の資料を再利用する,他の授業の資料を再利用する
https://www.comp.tmu.ac.jp/e-learning/kibaco/documents/7-3.html,他の授業の資料を再利用する,①「他の授業から資料をコピー」リンクをクリックします。
https://www.comp.tmu.ac.jp/e-learning/kibaco/documents/7-3.html,他の授業の資料を再利用する,②再利用したい資料が保存されている授業のフォルダアイコンをクリックします。
https://www.comp.tmu.ac.jp/e-learning/kibaco/documents/7-3.html,他の授業の資料を再利用する,③再利用したいファイをチェックします。
https://www.comp.tmu.ac.jp/e-learning/kibaco/documents/7-3.html,他の授業の資料を再利用する,④「コピー」をクリックします。
https://www.comp.tmu.ac.jp/e-learning/kibaco/documents/7-3.html,他の授業の資料を再利用する,⑤コピー先の「ペースト」リンクをクリックします。
https://www.comp.tmu.ac.jp/e-learning/kibaco/documents/7-3.html,他の授業の資料を再利用する,⑥上記⑤でクリックしたフォルダにファイルがコピーされます。
https://www.comp.tmu.ac.jp/e-learning/kibaco/documents/7-4.html,マイページの資料機能,マイページの資料機能
https://www.comp.tmu.ac.jp/e-learning/kibaco/documents/7-4.html,マイページの資料機能,マイページにも、各授業と同様の資料機能があります。マイページの資料機能にアップロードされたファイルは、ご自身しか閲覧できません。
https://www.comp.tmu.ac.jp/e-learning/kibaco/documents/7-4.html,マイページの資料機能,①マイページの「資料」リンクをクリックします。
https://www.comp.tmu.ac.jp/e-learning/kibaco/documents/7-4.html,マイページの資料機能,②資料機能のコンテンツが表示されます。「．資料を配布する」～「．他の授業の資料を再利用する」と同様に、ファイルをアップロードしたりコピーしたりできます。
https://www.comp.tmu.ac.jp/e-learning/kibaco/documents/7-5.html,資料をWebDAVクライアントから操作する,資料をWebDAVクライアントから操作する
https://www.comp.tmu.ac.jp/e-learning/kibaco/documents/7-5.html,資料をWebDAVクライアントから操作する,①資料をWebDAVクライアントから操作することができます。この機能の利用方法を表示するには「Webフォルダの操作」をクリックします。
https://www.comp.tmu.ac.jp/e-learning/kibaco/documents/7-6.html,容量を確認する,容量を確認する
https://www.comp.tmu.ac.jp/e-learning/kibaco/documents/7-6.html,容量を確認する,①資料をアップロードできる容量には制限があります。現在どれくらいの容量を使用しているか確認するには「クォータを確認」をクリックします。
https://www.comp.tmu.ac.jp/e-learning/kibaco/documents/7-6.html,容量を確認する,②最大容量（クォータ）、使用率、使用量が確認できます。ヒントこれらの値は授業やマイページ毎の情報となります。
https://www.comp.tmu.ac.jp/e-learning/kibaco/documents/7-7.html,ZIPアーカイブに圧縮する,ZIPアーカイブに圧縮する
https://www.comp.tmu.ac.jp/e-learning/kibaco/documents/7-7.html,ZIPアーカイブに圧縮する,フォルダをZIP形式に圧縮することができます。
https://www.comp.tmu.ac.jp/e-learning/kibaco/documents/7-7.html,ZIPアーカイブに圧縮する,①フォルダアイコン（
https://www.comp.tmu.ac.jp/e-learning/kibaco/documents/7-7.html,ZIPアーカイブに圧縮する,もしくは
https://www.comp.tmu.ac.jp/e-learning/kibaco/documents/7-7.html,ZIPアーカイブに圧縮する,）が表示されている行の「アクション」をクリックし、「ZIPアーカイブに圧縮」をクリックします。
https://www.comp.tmu.ac.jp/e-learning/kibaco/documents/7-7.html,ZIPアーカイブに圧縮する,②フォルダの中身がまとまったZIPファイルが作成されます。
https://www.comp.tmu.ac.jp/e-learning/kibaco/documents/7-8.html,ゴミ箱,ゴミ箱
https://www.comp.tmu.ac.jp/e-learning/kibaco/documents/7-8.html,ゴミ箱,削除した資料はゴミ箱に移動します。間違って削除した資料を復活させるには次のようにします。
https://www.comp.tmu.ac.jp/e-learning/kibaco/documents/7-8.html,ゴミ箱,①「ゴミ箱」をクリックします。
https://www.comp.tmu.ac.jp/e-learning/kibaco/documents/7-8.html,ゴミ箱,②復活させたい資料を選択します。
https://www.comp.tmu.ac.jp/e-learning/kibaco/documents/7-8.html,ゴミ箱,③「リストア」をクリックします。
https://www.comp.tmu.ac.jp/e-learning/kibaco/documents/7-8.html,ゴミ箱,④「授業資料」をクリックします。
https://www.comp.tmu.ac.jp/e-learning/kibaco/documents/7-8.html,ゴミ箱,⑤資料が復活します。
https://www.comp.tmu.ac.jp/e-learning/kibaco/documents/8.html,課題機能,課題機能
https://www.comp.tmu.ac.jp/e-learning/kibaco/documents/8.html,課題機能,課題機能は、受講生に課題を出す機能です。課題の作成や公開日時・締切日時の指定、提出物の添削、電子メールによる受講生への通知を行うことができます。
https://www.comp.tmu.ac.jp/e-learning/kibaco/documents/8-1.html,課題を追加する,課題を追加する
https://www.comp.tmu.ac.jp/e-learning/kibaco/documents/8-1.html,課題を追加する,①課題を追加したい授業ボタンをクリックします。
https://www.comp.tmu.ac.jp/e-learning/kibaco/documents/8-1.html,課題を追加する,②「課題」リンクをクリックします。
https://www.comp.tmu.ac.jp/e-learning/kibaco/documents/8-1.html,課題を追加する,③「追加」リンクをクリックします。
https://www.comp.tmu.ac.jp/e-learning/kibaco/documents/8-1.html,課題を追加する,④課題のタイトルを入力します。
https://www.comp.tmu.ac.jp/e-learning/kibaco/documents/8-1.html,課題を追加する,⑤課題の説明を入力します。
https://www.comp.tmu.ac.jp/e-learning/kibaco/documents/8-1.html,課題を追加する,⑥公開日時・締切日時・最終受理日時を設定します。
https://www.comp.tmu.ac.jp/e-learning/kibaco/documents/8-1.html,課題を追加する,⑦課題のリマインダメールを受講生へ通知するか否かを設定します。チェックを入れると、希望受講者にリマインダメールを送信します。
https://www.comp.tmu.ac.jp/e-learning/kibaco/documents/8-1.html,課題を追加する,⑧チェックを入れると受講生に対して締切日を非表示にします。
https://www.comp.tmu.ac.jp/e-learning/kibaco/documents/8-1.html,課題を追加する,⑨課題を追加または編集したことをお知らせ機能と電子メールで受講生へ通知するか否かを設定します。
https://www.comp.tmu.ac.jp/e-learning/kibaco/documents/8-1.html,課題を追加する,⑩課題の対象者を決めます。グループが登録されていない場合は授業だけに表示しか選択することはできません。
https://www.comp.tmu.ac.jp/e-learning/kibaco/documents/8-1.html,課題を追加する,注意グループ提出の場合、受講生が選択した複数のグループに所属することはできません。
https://www.comp.tmu.ac.jp/e-learning/kibaco/documents/8-1.html,課題を追加する,⑪受講生の提出物の形式を設定します。
https://www.comp.tmu.ac.jp/e-learning/kibaco/documents/8-1.html,課題を追加する,⑫採点方法を設定します。
https://www.comp.tmu.ac.jp/e-learning/kibaco/documents/8-1.html,課題を追加する,⑬「完了」ボタンを押します。
https://www.comp.tmu.ac.jp/e-learning/kibaco/documents/8-1.html,課題を追加する,⑭課題が追加されます。
https://www.comp.tmu.ac.jp/e-learning/kibaco/documents/8-1.html,課題を追加する,．選択されたグループだけに表示とグループ提出の違いについて
https://www.comp.tmu.ac.jp/e-learning/kibaco/documents/8-1.html,課題を追加する,「選択されたグループだけに表示」は対象グループを選択し、各々に提出してもらう方式です。対して「グループ提出」は対象グループの代表が１つだけ提出する方式です。
https://www.comp.tmu.ac.jp/e-learning/kibaco/documents/8-1.html,課題を追加する,．相互評価
https://www.comp.tmu.ac.jp/e-learning/kibaco/documents/8-1.html,課題を追加する,相互評価は受講生同士が相互に評価することを可能とします。
https://www.comp.tmu.ac.jp/e-learning/kibaco/documents/8-1.html,課題を追加する,①相互評価を行う場合に選択します。
https://www.comp.tmu.ac.jp/e-learning/kibaco/documents/8-1.html,課題を追加する,②評価期間終了日には最終受理日時より後の日付を指定する必要があります。
https://www.comp.tmu.ac.jp/e-learning/kibaco/documents/8-1.html,課題を追加する,③匿名評価を選択すると評価者を匿名にできます。
https://www.comp.tmu.ac.jp/e-learning/kibaco/documents/8-1.html,課題を追加する,④受講生に対し評価に関する指示の概要を記入します。
https://www.comp.tmu.ac.jp/e-learning/kibaco/documents/8-2.html,受講生の提出物を確認する,受講生の提出物を確認する
https://www.comp.tmu.ac.jp/e-learning/kibaco/documents/8-2.html,受講生の提出物を確認する,①提出物を確認したい課題の「成績」リンクをクリックします。または、「提出済/未採点」列の数字をクリックします。
https://www.comp.tmu.ac.jp/e-learning/kibaco/documents/8-2.html,受講生の提出物を確認する,②受講生の提出状況が表示されます。
https://www.comp.tmu.ac.jp/e-learning/kibaco/documents/8-3.html,受講生の提出物を添削する,受講生の提出物を添削する
https://www.comp.tmu.ac.jp/e-learning/kibaco/documents/8-3.html,受講生の提出物を添削する,「．受講生の提出物を確認する」と同様に受講生の提出状況確認画面まで移動します。
https://www.comp.tmu.ac.jp/e-learning/kibaco/documents/8-3.html,受講生の提出物を添削する,①添削したい受講生の名前をクリックします。
https://www.comp.tmu.ac.jp/e-learning/kibaco/documents/8-3.html,受講生の提出物を添削する,②「課題の提出物」にある赤枠内のテキストボックスに受講生が提出した文章の内容が表示されます。
https://www.comp.tmu.ac.jp/e-learning/kibaco/documents/8-3.html,受講生の提出物を添削する,③教員のサマリーコメントに、提出物に対する総合的な評価を入力します。
https://www.comp.tmu.ac.jp/e-learning/kibaco/documents/8-3.html,受講生の提出物を添削する,④「評価（受講生に返却しない）」、「評価（受講生に返却する）」のどちらかのボタンを押します。
https://www.comp.tmu.ac.jp/e-learning/kibaco/documents/8-4.html,リマインダメール送信機能,リマインダメール送信機能
https://www.comp.tmu.ac.jp/e-learning/kibaco/documents/8-4.html,リマインダメール送信機能,課題の締切日時が迫っている旨を対象者に自動で通知する機能です。
https://www.comp.tmu.ac.jp/e-learning/kibaco/documents/8-4.html,リマインダメール送信機能,②受信対象ユーザ
https://www.comp.tmu.ac.jp/e-learning/kibaco/documents/8-4.html,リマインダメール送信機能,③機能詳細
https://www.comp.tmu.ac.jp/e-learning/kibaco/documents/8-4.html,リマインダメール送信機能,④例：リマインダメール送信タイミング
https://www.comp.tmu.ac.jp/e-learning/kibaco/documents/8-5.html,ゴミ箱,ゴミ箱
https://www.comp.tmu.ac.jp/e-learning/kibaco/documents/8-5.html,ゴミ箱,削除した課題はゴミ箱に移動します。間違って削除した課題を復活させるには次のようにします。
https://www.comp.tmu.ac.jp/e-learning/kibaco/documents/8-5.html,ゴミ箱,①「ゴミ箱」をクリックします。
https://www.comp.tmu.ac.jp/e-learning/kibaco/documents/8-5.html,ゴミ箱,②復活させたい課題を選択します。
https://www.comp.tmu.ac.jp/e-learning/kibaco/documents/8-5.html,ゴミ箱,③「リストア」をクリックします。
https://www.comp.tmu.ac.jp/e-learning/kibaco/documents/8-5.html,ゴミ箱,④OKをクリックします。
https://www.comp.tmu.ac.jp/e-learning/kibaco/documents/8-5.html,ゴミ箱,⑤課題が復活します。
https://www.comp.tmu.ac.jp/e-learning/kibaco/documents/9.html,テスト/アンケート機能,テスト/アンケート機能
https://www.comp.tmu.ac.jp/e-learning/kibaco/documents/9.html,テスト/アンケート機能,テスト/アンケートでは、次の形式の問題を作成でき、これらの問題を組み合わせたアンケートあるいはテストをオンラインで実施することができます。
https://www.comp.tmu.ac.jp/e-learning/kibaco/documents/9.html,テスト/アンケート機能,・複数選択
https://www.comp.tmu.ac.jp/e-learning/kibaco/documents/9.html,テスト/アンケート機能,問題プールを利用する
https://www.comp.tmu.ac.jp/e-learning/kibaco/documents/9.html,テスト/アンケート機能,ゴミ箱
https://www.comp.tmu.ac.jp/e-learning/kibaco/documents/9-1.html,テスト/アンケートを作成する,テスト/アンケートを作成する
https://www.comp.tmu.ac.jp/e-learning/kibaco/documents/9-1.html,テスト/アンケートを作成する,①テストを作りたい授業ボタンをクリックします。
https://www.comp.tmu.ac.jp/e-learning/kibaco/documents/9-1.html,テスト/アンケートを作成する,②「テスト/アンケート」リンクをクリックします。
https://www.comp.tmu.ac.jp/e-learning/kibaco/documents/9-1.html,テスト/アンケートを作成する,③テキストボックスに作成するテストのタイトルを入力し、「作成」ボタンを押します。
https://www.comp.tmu.ac.jp/e-learning/kibaco/documents/9-1.html,テスト/アンケートを作成する,④「問題種別を選択します」をクリックします。
https://www.comp.tmu.ac.jp/e-learning/kibaco/documents/9-1.html,テスト/アンケートを作成する,⑤メニューが表示されるので、作りたい問題の種類をクリックします。（ここでは複数選択に関して説明します）
https://www.comp.tmu.ac.jp/e-learning/kibaco/documents/9-1.html,テスト/アンケートを作成する,⑥配点を入力します。
https://www.comp.tmu.ac.jp/e-learning/kibaco/documents/9-1.html,テスト/アンケートを作成する,⑦配点を受講生に対し表示させるか選択します。
https://www.comp.tmu.ac.jp/e-learning/kibaco/documents/9-1.html,テスト/アンケートを作成する,⑧特別点は、評価の「合計点」の一部としてカウントされず、この質問をスキップしたり、間違って回答したりした場合に差し引かれる点数はありません。ただし、正解した受講生には特別点の値も追加されます。例えば、満点が点で特別点が点の場合、全問正解すると点となります。
https://www.comp.tmu.ac.jp/e-learning/kibaco/documents/9-1.html,テスト/アンケートを作成する,⑨解答方式を設定します。（ここでは単一正解に関して説明します。）
https://www.comp.tmu.ac.jp/e-learning/kibaco/documents/9-1.html,テスト/アンケートを作成する,⑩問題文を入力します。
https://www.comp.tmu.ac.jp/e-learning/kibaco/documents/9-1.html,テスト/アンケートを作成する,⑪選択肢を入力します。
https://www.comp.tmu.ac.jp/e-learning/kibaco/documents/9-1.html,テスト/アンケートを作成する,⑫ページ下部の「保存」ボタンを押します。
https://www.comp.tmu.ac.jp/e-learning/kibaco/documents/9-1.html,テスト/アンケートを作成する,⑬「設定と公開」リンクをクリックします。
https://www.comp.tmu.ac.jp/e-learning/kibaco/documents/9-1.html,テスト/アンケートを作成する,⑭作成したテストの詳細設定画面へ移動します。よく使われる設定項目・利用可否及び提出
https://www.comp.tmu.ac.jp/e-learning/kibaco/documents/9-1.html,テスト/アンケートを作成する,次のユーザが解答可能：
https://www.comp.tmu.ac.jp/e-learning/kibaco/documents/9-1.html,テスト/アンケートを作成する,提出を認める回数：
https://www.comp.tmu.ac.jp/e-learning/kibaco/documents/9-1.html,テスト/アンケートを作成する,課題機能の「．課題を追加する」の⑤と同様に、テストの利用開始から利用停止までを下記の様に設定します。
https://www.comp.tmu.ac.jp/e-learning/kibaco/documents/9-1.html,テスト/アンケートを作成する,利用可能日時：
https://www.comp.tmu.ac.jp/e-learning/kibaco/documents/9-1.html,テスト/アンケートを作成する,締切日時：テスト/アンケートの締切日時です。この日時を過ぎても、遅延提出が許可されている場合は、アクセス停止日時まで遅延扱いとして、受講生はテスト/アンケートに解答することができます。締切日時(遅延提出を受け付ける場合はアクセス停止日時)を過ぎると、受講生は解答を新たに開始したり、解答中のテスト/アンケートを提出したりすることはできません。
https://www.comp.tmu.ac.jp/e-learning/kibaco/documents/9-1.html,テスト/アンケートを作成する,制限時間：受講生がテストできる時間を制限することができます。制限時間を設定すると、解答を開始した時刻から制限時間が経つか、または締切日時(遅延提出を受け付ける場合はアクセス停止日時)に達すると自動で提出されます。
https://www.comp.tmu.ac.jp/e-learning/kibaco/documents/9-1.html,テスト/アンケートを作成する,遅延提出：締切日時からアクセス停止日時までの間の提出の可否を設定できます。
https://www.comp.tmu.ac.jp/e-learning/kibaco/documents/9-1.html,テスト/アンケートを作成する,アクセス停止日時：テスト/アンケートへの解答を許可する最終日時です。この日時を過ぎると、受講生はテスト/アンケートに解答することができません。
https://www.comp.tmu.ac.jp/e-learning/kibaco/documents/9-1.html,テスト/アンケートを作成する,ヒントカレンダーのアイコンをクリックすると、カレンダーが表示され、日付と時間を設定できます。
https://www.comp.tmu.ac.jp/e-learning/kibaco/documents/9-1.html,テスト/アンケートを作成する,また、旧バージョンのテスト/アンケートのように、ずっと公開しておきたい場合は、締切日時およびアクセス停止日時を遠い日時に設定しておくことで、期間を気にせずに利用することができます。
https://www.comp.tmu.ac.jp/e-learning/kibaco/documents/9-1.html,テスト/アンケートを作成する,⑮「保存して公開」ボタンを押します。
https://www.comp.tmu.ac.jp/e-learning/kibaco/documents/9-1.html,テスト/アンケートを作成する,⑯「公開」ボタンを押します。
https://www.comp.tmu.ac.jp/e-learning/kibaco/documents/9-1.html,テスト/アンケートを作成する,．その他の主な設定
https://www.comp.tmu.ac.jp/e-learning/kibaco/documents/9-1.html,テスト/アンケートを作成する,特定の受講生やグループに対し、例外の利用可能日時などを設定できます。
https://www.comp.tmu.ac.jp/e-learning/kibaco/documents/9-1.html,テスト/アンケートを作成する,①受講生やグループを選択し、利用可能日時などを設定します。
https://www.comp.tmu.ac.jp/e-learning/kibaco/documents/9-1.html,テスト/アンケートを作成する,②「例外の追加」をクリックします。
https://www.comp.tmu.ac.jp/e-learning/kibaco/documents/9-1.html,テスト/アンケートを作成する,③例外の設定が追加されます。
https://www.comp.tmu.ac.jp/e-learning/kibaco/documents/9-1.html,テスト/アンケートを作成する,問題の表示順序に関する事を設定できます。
https://www.comp.tmu.ac.jp/e-learning/kibaco/documents/9-1.html,テスト/アンケートを作成する,注意リニアアクセス方式を選択した場合は、提出を認める回数を回に制限することを推奨します。なお自動的に回にはならないのでご注意下さい。
https://www.comp.tmu.ac.jp/e-learning/kibaco/documents/9-1.html,テスト/アンケートを作成する,注意「問題レイアウト」を「テスト全体が一画面で表示されます」に設定した場合は、受講生に対してこまめに「保存」ボタンを押すよう指示して下さい。「問題レイアウト」を「テスト全体が一画面で表示されます」に設定すると受講生には全ての設問が一画面で表示されますが、受講生が解答中に誤ってブラウザを閉じた場合や、受講生の端末またはネットワーク回線等の不調が発生した場合は、解答中の内容が全て消失する可能性があります。そのような場合に備えて、受講生が「保存」ボタンを押すことで、解答中の内容を保存しておくことができます。
https://www.comp.tmu.ac.jp/e-learning/kibaco/documents/9-2.html,問題種別,問題種別
https://www.comp.tmu.ac.jp/e-learning/kibaco/documents/9-2-1.html,問題種別アンケート,問題種別アンケート
https://www.comp.tmu.ac.jp/e-learning/kibaco/documents/9-2-1.html,問題種別アンケート,■概要択～択などから回答を選択してアンケート問題を作成します。
https://www.comp.tmu.ac.jp/e-learning/kibaco/documents/9-2-1.html,問題種別アンケート,①問題種別から「アンケート」を選択します。
https://www.comp.tmu.ac.jp/e-learning/kibaco/documents/9-2-1.html,問題種別アンケート,②問題文を入力します。
https://www.comp.tmu.ac.jp/e-learning/kibaco/documents/9-2-1.html,問題種別アンケート,③解答を選択します。
https://www.comp.tmu.ac.jp/e-learning/kibaco/documents/9-2-1.html,問題種別アンケート,④「保存」ボタンをクリックします。
https://www.comp.tmu.ac.jp/e-learning/kibaco/documents/9-2-1.html,問題種別アンケート,①問題文を読んで、該当する選択肢を選択します。
https://www.comp.tmu.ac.jp/e-learning/kibaco/documents/9-2-2.html,問題種別ファイルアップロード,問題種別ファイルアップロード
https://www.comp.tmu.ac.jp/e-learning/kibaco/documents/9-2-2.html,問題種別ファイルアップロード,■概要ファイルをアップロードして解答するテスト問題を作成します。
https://www.comp.tmu.ac.jp/e-learning/kibaco/documents/9-2-2.html,問題種別ファイルアップロード,①問題種別から「ファイルアップロード」を選択します。
https://www.comp.tmu.ac.jp/e-learning/kibaco/documents/9-2-2.html,問題種別ファイルアップロード,②問題の配点を入力します。
https://www.comp.tmu.ac.jp/e-learning/kibaco/documents/9-2-2.html,問題種別ファイルアップロード,③問題文を入力します。
https://www.comp.tmu.ac.jp/e-learning/kibaco/documents/9-2-2.html,問題種別ファイルアップロード,④「保存」ボタンをクリックします。
https://www.comp.tmu.ac.jp/e-learning/kibaco/documents/9-2-2.html,問題種別ファイルアップロード,①問題文を読んで、ファイルをアップロードします。
https://www.comp.tmu.ac.jp/e-learning/kibaco/documents/9-2-3.html,問題種別数値解答,問題種別数値解答
https://www.comp.tmu.ac.jp/e-learning/kibaco/documents/9-2-3.html,問題種別数値解答,"■概要数式を作成して、空欄を数値で解答するテスト問題を作成します。,br/>■配点あり／■自動採点あり※正解した解答に応じて採点されます。"
https://www.comp.tmu.ac.jp/e-learning/kibaco/documents/9-2-3.html,問題種別数値解答,①問題種別から「数値解答」を選択します。
https://www.comp.tmu.ac.jp/e-learning/kibaco/documents/9-2-3.html,問題種別数値解答,②問題の配点を入力します。
https://www.comp.tmu.ac.jp/e-learning/kibaco/documents/9-2-3.html,問題種別数値解答,③解答部分を{}で括って問題文を入力します。
https://www.comp.tmu.ac.jp/e-learning/kibaco/documents/9-2-3.html,問題種別数値解答,④「保存」ボタンをクリックします。
https://www.comp.tmu.ac.jp/e-learning/kibaco/documents/9-2-3.html,問題種別数値解答,「プレビュー」
https://www.comp.tmu.ac.jp/e-learning/kibaco/documents/9-2-3.html,問題種別数値解答,①問題と解答欄が表示されます。
https://www.comp.tmu.ac.jp/e-learning/kibaco/documents/9-2-4.html,問題種別整合問題,問題種別整合問題
https://www.comp.tmu.ac.jp/e-learning/kibaco/documents/9-2-4.html,問題種別整合問題,■概要組み合わせをリストから選択して解答するテスト問題を作成します。
https://www.comp.tmu.ac.jp/e-learning/kibaco/documents/9-2-4.html,問題種別整合問題,①問題種別から「整合問題」を選択します。
https://www.comp.tmu.ac.jp/e-learning/kibaco/documents/9-2-4.html,問題種別整合問題,②問題の配点を入力します。
https://www.comp.tmu.ac.jp/e-learning/kibaco/documents/9-2-4.html,問題種別整合問題,③問題文を入力します。
https://www.comp.tmu.ac.jp/e-learning/kibaco/documents/9-2-4.html,問題種別整合問題,④問題で選択する組み合わせのリストです。
https://www.comp.tmu.ac.jp/e-learning/kibaco/documents/9-2-4.html,問題種別整合問題,⑤「選択」に組み合わせの設問を入力します。例「鼻が長い」
https://www.comp.tmu.ac.jp/e-learning/kibaco/documents/9-2-4.html,問題種別整合問題,⑥「整合」リストを追加する場合は、「*new*」を選択します。
https://www.comp.tmu.ac.jp/e-learning/kibaco/documents/9-2-4.html,問題種別整合問題,⑦「整合」に、設問に対する組み合わせを入力します。例「ゾウ」
https://www.comp.tmu.ac.jp/e-learning/kibaco/documents/9-2-4.html,問題種別整合問題,⑧「対を保存」をクリックして、組み合わせを保存します。
https://www.comp.tmu.ac.jp/e-learning/kibaco/documents/9-2-4.html,問題種別整合問題,⑨「保存」ボタンをクリックします。
https://www.comp.tmu.ac.jp/e-learning/kibaco/documents/9-2-4.html,問題種別整合問題,「プレビュー」
https://www.comp.tmu.ac.jp/e-learning/kibaco/documents/9-2-4.html,問題種別整合問題,①問題文が表示されます。
https://www.comp.tmu.ac.jp/e-learning/kibaco/documents/9-2-4.html,問題種別整合問題,②設問１～５と正しい組み合わせを、「選択▼」をクリックしてリストのＡ～Ｅから選択します。該当しなければ「ENoneoftheAbove」を選択します。
https://www.comp.tmu.ac.jp/e-learning/kibaco/documents/9-2-5.html,問題種別正誤選択,問題種別正誤選択
https://www.comp.tmu.ac.jp/e-learning/kibaco/documents/9-2-5.html,問題種別正誤選択,■概要問題内容が正しいか誤りか、択で解答するテスト問題を作成します。
https://www.comp.tmu.ac.jp/e-learning/kibaco/documents/9-2-5.html,問題種別正誤選択,①問題種別から「正誤選択」を選択します。
https://www.comp.tmu.ac.jp/e-learning/kibaco/documents/9-2-5.html,問題種別正誤選択,②問題の配点を入力します。
https://www.comp.tmu.ac.jp/e-learning/kibaco/documents/9-2-5.html,問題種別正誤選択,③不正解の時に減点する場合、減点する点数を入力します。
https://www.comp.tmu.ac.jp/e-learning/kibaco/documents/9-2-5.html,問題種別正誤選択,④問題文を入力します。
https://www.comp.tmu.ac.jp/e-learning/kibaco/documents/9-2-5.html,問題種別正誤選択,⑤正解を選択します。
https://www.comp.tmu.ac.jp/e-learning/kibaco/documents/9-2-5.html,問題種別正誤選択,⑥「保存」ボタンをクリックします。
https://www.comp.tmu.ac.jp/e-learning/kibaco/documents/9-2-5.html,問題種別正誤選択,「プレビュー」
https://www.comp.tmu.ac.jp/e-learning/kibaco/documents/9-2-5.html,問題種別正誤選択,①問題文と「正しい」「誤り」の選択肢が表示されます。
https://www.comp.tmu.ac.jp/e-learning/kibaco/documents/9-2-6.html,問題種別短文解答または小論文,問題種別短文解答または小論文
https://www.comp.tmu.ac.jp/e-learning/kibaco/documents/9-2-6.html,問題種別短文解答または小論文,■概要解答を記述するテスト問題を作成します。
https://www.comp.tmu.ac.jp/e-learning/kibaco/documents/9-2-6.html,問題種別短文解答または小論文,①問題種別から「短答または小論文」を選択します。
https://www.comp.tmu.ac.jp/e-learning/kibaco/documents/9-2-6.html,問題種別短文解答または小論文,②問題の配点を入力します。
https://www.comp.tmu.ac.jp/e-learning/kibaco/documents/9-2-6.html,問題種別短文解答または小論文,③問題文を入力します。
https://www.comp.tmu.ac.jp/e-learning/kibaco/documents/9-2-6.html,問題種別短文解答または小論文,④「保存」ボタンをクリックします。
https://www.comp.tmu.ac.jp/e-learning/kibaco/documents/9-2-6.html,問題種別短文解答または小論文,「プレビュー」
https://www.comp.tmu.ac.jp/e-learning/kibaco/documents/9-2-6.html,問題種別短文解答または小論文,①問題文と解答欄が表示されます。
https://www.comp.tmu.ac.jp/e-learning/kibaco/documents/9-2-7.html,問題種別穴埋め,問題種別穴埋め
https://www.comp.tmu.ac.jp/e-learning/kibaco/documents/9-2-7.html,問題種別穴埋め,■概要穴埋め解答を記述するテスト問題を作成します。
https://www.comp.tmu.ac.jp/e-learning/kibaco/documents/9-2-7.html,問題種別穴埋め,①問題種別から「穴埋め」を選択します。
https://www.comp.tmu.ac.jp/e-learning/kibaco/documents/9-2-7.html,問題種別穴埋め,②問題の配点を入力します。
https://www.comp.tmu.ac.jp/e-learning/kibaco/documents/9-2-7.html,問題種別穴埋め,③問題文を入力します。
https://www.comp.tmu.ac.jp/e-learning/kibaco/documents/9-2-7.html,問題種別穴埋め,④「大文字と小文字を区別？」
https://www.comp.tmu.ac.jp/e-learning/kibaco/documents/9-2-7.html,問題種別穴埋め,⑤「相互に排他的」
https://www.comp.tmu.ac.jp/e-learning/kibaco/documents/9-2-7.html,問題種別穴埋め,問題例：「高度が{上がる|下がる}と気圧が{上がる|下がる}」配点点
https://www.comp.tmu.ac.jp/e-learning/kibaco/documents/9-2-7.html,問題種別穴埋め,⑥「空白を無視？」
https://www.comp.tmu.ac.jp/e-learning/kibaco/documents/9-2-7.html,問題種別穴埋め,⑦「保存」ボタンをクリックします。
https://www.comp.tmu.ac.jp/e-learning/kibaco/documents/9-2-7.html,問題種別穴埋め,「プレビュー」
https://www.comp.tmu.ac.jp/e-learning/kibaco/documents/9-2-7.html,問題種別穴埋め,①問題文と解答欄が表示されます。
https://www.comp.tmu.ac.jp/e-learning/kibaco/documents/9-2-8.html,問題種別複数選択,問題種別複数選択
https://www.comp.tmu.ac.jp/e-learning/kibaco/documents/9-2-8.html,問題種別複数選択,■概要選択肢を選んで解答するテスト問題を作成します。
https://www.comp.tmu.ac.jp/e-learning/kibaco/documents/9-2-8.html,問題種別複数選択,●単一正解
https://www.comp.tmu.ac.jp/e-learning/kibaco/documents/9-2-8.html,問題種別複数選択,①問題種別から「複数選択」を選択します。
https://www.comp.tmu.ac.jp/e-learning/kibaco/documents/9-2-8.html,問題種別複数選択,②問題の配点を入力します。
https://www.comp.tmu.ac.jp/e-learning/kibaco/documents/9-2-8.html,問題種別複数選択,③「単一正解」を選択します。
https://www.comp.tmu.ac.jp/e-learning/kibaco/documents/9-2-8.html,問題種別複数選択,④「不正解解答の選択に対する負の得点」
https://www.comp.tmu.ac.jp/e-learning/kibaco/documents/9-2-8.html,問題種別複数選択,⑤問題文を入力します。例「次の単語の意味を選びなさい。careful」
https://www.comp.tmu.ac.jp/e-learning/kibaco/documents/9-2-8.html,問題種別複数選択,⑥選択肢Ａを入力します。例「優しい」
https://www.comp.tmu.ac.jp/e-learning/kibaco/documents/9-2-8.html,問題種別複数選択,⑦選択肢Ｂを入力します。例「注意深い」
https://www.comp.tmu.ac.jp/e-learning/kibaco/documents/9-2-8.html,問題種別複数選択,⑧選択肢Ｂの正解解答にチェックを入れます。
https://www.comp.tmu.ac.jp/e-learning/kibaco/documents/9-2-8.html,問題種別複数選択,⑨選択肢Ｃを入力します。例「ありがたい」
https://www.comp.tmu.ac.jp/e-learning/kibaco/documents/9-2-8.html,問題種別複数選択,⑩選択肢Ｄを入力します。例「精細な」
https://www.comp.tmu.ac.jp/e-learning/kibaco/documents/9-2-8.html,問題種別複数選択,⑪「削除」
https://www.comp.tmu.ac.jp/e-learning/kibaco/documents/9-2-8.html,問題種別複数選択,⑫「選択肢を追加」
https://www.comp.tmu.ac.jp/e-learning/kibaco/documents/9-2-8.html,問題種別複数選択,⑬「選択肢の順序をランダム化」
https://www.comp.tmu.ac.jp/e-learning/kibaco/documents/9-2-8.html,問題種別複数選択,⑭「保存」ボタンをクリックします。
https://www.comp.tmu.ac.jp/e-learning/kibaco/documents/9-2-8.html,問題種別複数選択,「プレビュー」
https://www.comp.tmu.ac.jp/e-learning/kibaco/documents/9-2-8.html,問題種別複数選択,①問題文と選択肢が表示されます。
https://www.comp.tmu.ac.jp/e-learning/kibaco/documents/9-2-8.html,問題種別複数選択,●複数正解(単一選択)
https://www.comp.tmu.ac.jp/e-learning/kibaco/documents/9-2-8.html,問題種別複数選択,①問題種別から「複数選択」を選択します。
https://www.comp.tmu.ac.jp/e-learning/kibaco/documents/9-2-8.html,問題種別複数選択,②問題の配点を入力します。
https://www.comp.tmu.ac.jp/e-learning/kibaco/documents/9-2-8.html,問題種別複数選択,③「複数正解（単一選択）」を選択します。
https://www.comp.tmu.ac.jp/e-learning/kibaco/documents/9-2-8.html,問題種別複数選択,④「不正解解答の選択に対する負の得点」
https://www.comp.tmu.ac.jp/e-learning/kibaco/documents/9-2-8.html,問題種別複数選択,⑤問題文を入力します。例「次の単語の意味を選択肢から選びなさい。book」
https://www.comp.tmu.ac.jp/e-learning/kibaco/documents/9-2-8.html,問題種別複数選択,⑥選択肢Ａを入力します。例「本」
https://www.comp.tmu.ac.jp/e-learning/kibaco/documents/9-2-8.html,問題種別複数選択,⑦選択肢Ａの正解解答にチェックを入れます。
https://www.comp.tmu.ac.jp/e-learning/kibaco/documents/9-2-8.html,問題種別複数選択,⑧選択肢Ｂを入力します。例「予約する」
https://www.comp.tmu.ac.jp/e-learning/kibaco/documents/9-2-8.html,問題種別複数選択,⑨選択肢Ｂの正解解答にチェックを入れます。
https://www.comp.tmu.ac.jp/e-learning/kibaco/documents/9-2-8.html,問題種別複数選択,⑩選択肢Ｃを入力します。例「自動車」
https://www.comp.tmu.ac.jp/e-learning/kibaco/documents/9-2-8.html,問題種別複数選択,⑪選択肢Ｄを入力します。例「走る」
https://www.comp.tmu.ac.jp/e-learning/kibaco/documents/9-2-8.html,問題種別複数選択,⑫「削除」
https://www.comp.tmu.ac.jp/e-learning/kibaco/documents/9-2-8.html,問題種別複数選択,⑬「選択肢を追加」
https://www.comp.tmu.ac.jp/e-learning/kibaco/documents/9-2-8.html,問題種別複数選択,⑭「選択肢の順序をランダム化」
https://www.comp.tmu.ac.jp/e-learning/kibaco/documents/9-2-8.html,問題種別複数選択,⑮「保存」ボタンをクリックします。
https://www.comp.tmu.ac.jp/e-learning/kibaco/documents/9-2-8.html,問題種別複数選択,「プレビュー」
https://www.comp.tmu.ac.jp/e-learning/kibaco/documents/9-2-8.html,問題種別複数選択,"①問題文と選択肢が表示されます。,br/>ＡとＢが正解ですが、一つしか選択できないので、どちらかを選択すれば正解です。「選択をリセット」をクリックすると、チェックが外れます。"
https://www.comp.tmu.ac.jp/e-learning/kibaco/documents/9-2-8.html,問題種別複数選択,●複数正解(複数選択)
https://www.comp.tmu.ac.jp/e-learning/kibaco/documents/9-2-8.html,問題種別複数選択,①問題種別から「複数選択」を選択します。
https://www.comp.tmu.ac.jp/e-learning/kibaco/documents/9-2-8.html,問題種別複数選択,②問題の配点を入力します。
https://www.comp.tmu.ac.jp/e-learning/kibaco/documents/9-2-8.html,問題種別複数選択,③「複数正解（複数選択）」を選択します。
https://www.comp.tmu.ac.jp/e-learning/kibaco/documents/9-2-8.html,問題種別複数選択,④「正解引く不正解」
https://www.comp.tmu.ac.jp/e-learning/kibaco/documents/9-2-8.html,問題種別複数選択,⑤問題文を入力します。「次の単語の意味を選択肢からすべて選びなさい。book」
https://www.comp.tmu.ac.jp/e-learning/kibaco/documents/9-2-8.html,問題種別複数選択,⑥選択肢Ａを入力します。例「本」
https://www.comp.tmu.ac.jp/e-learning/kibaco/documents/9-2-8.html,問題種別複数選択,⑦選択肢Ａの正解解答にチェックを入れます。
https://www.comp.tmu.ac.jp/e-learning/kibaco/documents/9-2-8.html,問題種別複数選択,⑧選択肢Ｂを入力します。例「予約する」
https://www.comp.tmu.ac.jp/e-learning/kibaco/documents/9-2-8.html,問題種別複数選択,⑨選択肢Ｂの正解解答にチェックを入れます。
https://www.comp.tmu.ac.jp/e-learning/kibaco/documents/9-2-8.html,問題種別複数選択,⑩選択肢Ｃを入力します。例「自動車」
https://www.comp.tmu.ac.jp/e-learning/kibaco/documents/9-2-8.html,問題種別複数選択,⑪選択肢Ｄを入力します。例「走る」
https://www.comp.tmu.ac.jp/e-learning/kibaco/documents/9-2-8.html,問題種別複数選択,⑫「削除」
https://www.comp.tmu.ac.jp/e-learning/kibaco/documents/9-2-8.html,問題種別複数選択,⑬「選択肢を追加」
https://www.comp.tmu.ac.jp/e-learning/kibaco/documents/9-2-8.html,問題種別複数選択,⑭「選択肢の順序をランダム化」
https://www.comp.tmu.ac.jp/e-learning/kibaco/documents/9-2-8.html,問題種別複数選択,⑮「保存」ボタンをクリックします。
https://www.comp.tmu.ac.jp/e-learning/kibaco/documents/9-2-8.html,問題種別複数選択,①問題文と選択肢が表示されます。
https://www.comp.tmu.ac.jp/e-learning/kibaco/documents/9-3.html,問題プールを利用する,問題プールを利用する
https://www.comp.tmu.ac.jp/e-learning/kibaco/documents/9-3.html,問題プールを利用する,問題プールを利用して、問題を再利用できます。以下手順では、事前準備として問題プールを作成します。その後、作成した問題プールを利用して問題を再利用します。
https://www.comp.tmu.ac.jp/e-learning/kibaco/documents/9-3.html,問題プールを利用する,．問題プールを作成する
https://www.comp.tmu.ac.jp/e-learning/kibaco/documents/9-3.html,問題プールを利用する,①「問題プール」タブをクリックします。
https://www.comp.tmu.ac.jp/e-learning/kibaco/documents/9-3.html,問題プールを利用する,②「新規プールを追加」をクリックします。
https://www.comp.tmu.ac.jp/e-learning/kibaco/documents/9-3.html,問題プールを利用する,③「プール名」を入力します。
https://www.comp.tmu.ac.jp/e-learning/kibaco/documents/9-3.html,問題プールを利用する,④「保存」ボタンをクリックします。
https://www.comp.tmu.ac.jp/e-learning/kibaco/documents/9-3.html,問題プールを利用する,⑤問題プールが作成されます。
https://www.comp.tmu.ac.jp/e-learning/kibaco/documents/9-3.html,問題プールを利用する,．問題プールに問題をコピーする
https://www.comp.tmu.ac.jp/e-learning/kibaco/documents/9-3.html,問題プールを利用する,①「テスト」タブをクリックします。
https://www.comp.tmu.ac.jp/e-learning/kibaco/documents/9-3.html,問題プールを利用する,②問題プールに追加するテストの「アクションを選択」をクリックし、「編集」をクリックします。
https://www.comp.tmu.ac.jp/e-learning/kibaco/documents/9-3.html,問題プールを利用する,③「プールへコピー」をクリックします。
https://www.comp.tmu.ac.jp/e-learning/kibaco/documents/9-3.html,問題プールを利用する,④コピー先の問題プールにチェックを入れます。
https://www.comp.tmu.ac.jp/e-learning/kibaco/documents/9-3.html,問題プールを利用する,⑤「コピー」ボタンをクリックします。問題が問題プールにコピーされます。
https://www.comp.tmu.ac.jp/e-learning/kibaco/documents/9-3.html,問題プールを利用する,．問題プールの問題を再利用する
https://www.comp.tmu.ac.jp/e-learning/kibaco/documents/9-3.html,問題プールを利用する,①「問題種別を選択します」をクリックし、「問題プールからコピー」を選択します。
https://www.comp.tmu.ac.jp/e-learning/kibaco/documents/9-3.html,問題プールを利用する,②コピーしたい問題がある問題プールをクリックします。
https://www.comp.tmu.ac.jp/e-learning/kibaco/documents/9-3.html,問題プールを利用する,③コピーしたい問題にチェックを入れます。
https://www.comp.tmu.ac.jp/e-learning/kibaco/documents/9-3.html,問題プールを利用する,④「コピー」ボタンをクリックします。
https://www.comp.tmu.ac.jp/e-learning/kibaco/documents/9-3.html,問題プールを利用する,⑤問題プールからコピーした問題が挿入されます。
https://www.comp.tmu.ac.jp/e-learning/kibaco/documents/9-4.html,得点を確認する,得点を確認する
https://www.comp.tmu.ac.jp/e-learning/kibaco/documents/9-4.html,得点を確認する,受講生の得点を確認するには、以下のようにします。
https://www.comp.tmu.ac.jp/e-learning/kibaco/documents/9-4.html,得点を確認する,①公開済みテストの中から、確認したいタイトルのアクションのメニューから「得点」をクリックします。または、提出済み列の数字のリンクをクリックします。
https://www.comp.tmu.ac.jp/e-learning/kibaco/documents/9-4.html,得点を確認する,②各受講生の得点が表示されます。受講生の解答を確認するには、以下のようにします。
https://www.comp.tmu.ac.jp/e-learning/kibaco/documents/9-4.html,得点を確認する,③得点確認画面で「問題」リンクをクリックします。
https://www.comp.tmu.ac.jp/e-learning/kibaco/documents/9-4.html,得点を確認する,④各受講生がどのような解答をしたかを確認できます。以下の操作により、結果をファイルとしてダウンロードすることができます。
https://www.comp.tmu.ac.jp/e-learning/kibaco/documents/9-4.html,得点を確認する,⑤得点確認画面で「エクスポート」リンクをクリックします。
https://www.comp.tmu.ac.jp/e-learning/kibaco/documents/9-4.html,得点を確認する,⑥「エクスポート」ボタンを押すと、Excelファイルとしてダウンロードできます。
https://www.comp.tmu.ac.jp/e-learning/kibaco/documents/9-5.html,テスト未提出者にメールを送信する,テスト未提出者にメールを送信する
https://www.comp.tmu.ac.jp/e-learning/kibaco/documents/9-5.html,テスト未提出者にメールを送信する,テスト未提出者に通知メールを送信するには、以下のようにします。
https://www.comp.tmu.ac.jp/e-learning/kibaco/documents/9-5.html,テスト未提出者にメールを送信する,①公開済みテストの確認したいタイトルのアクションのメニューから「得点」をクリックします。または、提出済み列の数字のリンクをクリックします。
https://www.comp.tmu.ac.jp/e-learning/kibaco/documents/9-5.html,テスト未提出者にメールを送信する,②得点確認画面で「提出状態」リンクをクリックします。
https://www.comp.tmu.ac.jp/e-learning/kibaco/documents/9-5.html,テスト未提出者にメールを送信する,③「未受講者にメールを送る」ボタンをクリックします。
https://www.comp.tmu.ac.jp/e-learning/kibaco/documents/9-5.html,テスト未提出者にメールを送信する,④OKボタンを押します。
https://www.comp.tmu.ac.jp/e-learning/kibaco/documents/9-5.html,テスト未提出者にメールを送信する,⑤通知メールが送信される対象者は検索等の影響を受けません。
https://www.comp.tmu.ac.jp/e-learning/kibaco/documents/9-5.html,テスト未提出者にメールを送信する,注意「下書きのテスト」と「公開済みテスト」の違い
https://www.comp.tmu.ac.jp/e-learning/kibaco/documents/9-5.html,テスト未提出者にメールを送信する,テスト/アンケートを公開すると、同じタイトルのテスト/アンケートが「下書き」付と付いていないもの（公開済みテスト）が表示されます。これらつは完全に独立しています。
https://www.comp.tmu.ac.jp/e-learning/kibaco/documents/9-6.html,フィードバックについて,フィードバックについて
https://www.comp.tmu.ac.jp/e-learning/kibaco/documents/9-6.html,フィードバックについて,テスト/アンケートの作成時に受講者の回答に応じたフィードバックを設定することができます。
https://www.comp.tmu.ac.jp/e-learning/kibaco/documents/9-6-1.html,フィードバックを登録する,フィードバックを登録する
https://www.comp.tmu.ac.jp/e-learning/kibaco/documents/9-6-1.html,フィードバックを登録する,フィードバックを登録するには、以下のようにします。
https://www.comp.tmu.ac.jp/e-learning/kibaco/documents/9-6-1.html,フィードバックを登録する,問題レベルのフィードバック
https://www.comp.tmu.ac.jp/e-learning/kibaco/documents/9-6-1.html,フィードバックを登録する,①「．テスト/アンケートを作成する」の手順⑤まで進みます。
https://www.comp.tmu.ac.jp/e-learning/kibaco/documents/9-6-1.html,フィードバックを登録する,②問題種別に回答の正誤がある場合、正解時と不正解時のフィードバックを設定できます。「正解解答(オプション)」、「不正解解答(オプション)」テキストボックスにフィードバックを入力します。設定後は「．テスト/アンケートを作成する」の手順に従い、問題を登録します。
https://www.comp.tmu.ac.jp/e-learning/kibaco/documents/9-6-1.html,フィードバックを登録する,③問題種別に回答の正誤がない場合、回答時のフィードバックを設定できます。「フィードバック(オプション)」テキストボックスにフィードバックを入力します。設定後は「．テスト/アンケートを作成する」の手順に従い、問題を登録します。選択肢レベルのフィードバック
https://www.comp.tmu.ac.jp/e-learning/kibaco/documents/9-6-1.html,フィードバックを登録する,④「．テスト/アンケートを作成する」の手順⑤まで進みます。
https://www.comp.tmu.ac.jp/e-learning/kibaco/documents/9-6-1.html,フィードバックを登録する,⑤問題種別が「複数選択」である場合、選択肢毎のフィードバックを設定できます。該当する選択肢の下にある「フィードバック(オプション)」テキストボックスに、選択肢が選ばれた際のフィードバックを入力します。設定後は「．テスト/アンケートを作成する」の手順に従い、問題を登録します。模範解答
https://www.comp.tmu.ac.jp/e-learning/kibaco/documents/9-6-1.html,フィードバックを登録する,⑥「．テスト/アンケートを作成する」の手順⑤まで進みます。
https://www.comp.tmu.ac.jp/e-learning/kibaco/documents/9-6-1.html,フィードバックを登録する,⑦問題種別が「短答または小論文」である場合、模範解答を設定できます。該当する選択肢の下にある「模範解答(オプション)」テキストボックスに、模範解答のフィードバックを入力します。設定後は「．テスト/アンケートを作成する」の手順に従い、問題を登録します。
https://www.comp.tmu.ac.jp/e-learning/kibaco/documents/9-6-1.html,フィードバックを登録する,採点者のコメント
https://www.comp.tmu.ac.jp/e-learning/kibaco/documents/9-6-1.html,フィードバックを登録する,⑧「．得点を確認する」の手順①まで進みます。
https://www.comp.tmu.ac.jp/e-learning/kibaco/documents/9-6-1.html,フィードバックを登録する,⑨フィードバックを登録したい提出の行にある「受講者のためのコメント」テキストボックスに、提出に対する採点者のフィードバックコメントを入力します。⑩「更新」ボタンをクリックします。採点者のコメント(問題ごと)
https://www.comp.tmu.ac.jp/e-learning/kibaco/documents/9-6-1.html,フィードバックを登録する,⑪「．得点を確認する」の手順③まで進みます。
https://www.comp.tmu.ac.jp/e-learning/kibaco/documents/9-6-1.html,フィードバックを登録する,⑫フィードバックを登録したい提出の行にある「受講者のためのコメント」テキストボックスに、提出の回答に対する採点者のフィードバックコメントを入力します。
https://www.comp.tmu.ac.jp/e-learning/kibaco/documents/9-6-1.html,フィードバックを登録する,⑬「保存」ボタンをクリックします。
https://www.comp.tmu.ac.jp/e-learning/kibaco/documents/9-6-2.html,フィードバックの表示設定を変更する,フィードバックの表示設定を変更する
https://www.comp.tmu.ac.jp/e-learning/kibaco/documents/9-6-2.html,フィードバックの表示設定を変更する,フィードバックの表示設定を変更するには、以下のようにします。
https://www.comp.tmu.ac.jp/e-learning/kibaco/documents/9-6-2.html,フィードバックの表示設定を変更する,①テスト/アンケートの作成画面にて「設定と公開」リンクをクリックします。
https://www.comp.tmu.ac.jp/e-learning/kibaco/documents/9-6-2.html,フィードバックの表示設定を変更する,②「採点およびフィードバック」をクリックします。
https://www.comp.tmu.ac.jp/e-learning/kibaco/documents/9-6-2.html,フィードバックの表示設定を変更する,③フィードバックの設定を行います。各設定項目の詳細はで説明します。
https://www.comp.tmu.ac.jp/e-learning/kibaco/documents/9-6-2.html,フィードバックの表示設定を変更する,④「保存して公開」もしくは「保存」ボタンをクリックします。
https://www.comp.tmu.ac.jp/e-learning/kibaco/documents/9-6-3.html,フィードバックの表示設定について,フィードバックの表示設定について
https://www.comp.tmu.ac.jp/e-learning/kibaco/documents/9-6-3.html,フィードバックの表示設定について,フィードバックの表示設定について、各項目の意味は以下の通りです。
https://www.comp.tmu.ac.jp/e-learning/kibaco/documents/9-6-3.html,フィードバックの表示設定について,【フィードバックの作成方法を指定します】
https://www.comp.tmu.ac.jp/e-learning/kibaco/documents/9-6-3.html,フィードバックの表示設定について,テスト/アンケートに登録できるフィードバックを設定します。
https://www.comp.tmu.ac.jp/e-learning/kibaco/documents/9-6-3.html,フィードバックの表示設定について,問題レベルのフィードバック
https://www.comp.tmu.ac.jp/e-learning/kibaco/documents/9-6-3.html,フィードバックの表示設定について,選択肢レベルのフィードバック
https://www.comp.tmu.ac.jp/e-learning/kibaco/documents/9-6-3.html,フィードバックの表示設定について,両方
https://www.comp.tmu.ac.jp/e-learning/kibaco/documents/9-6-3.html,フィードバックの表示設定について,【受講生が受信するフィードバックの種別を設定します】
https://www.comp.tmu.ac.jp/e-learning/kibaco/documents/9-6-3.html,フィードバックの表示設定について,受講生がフィードバックを確認できるタイミングを設定します。
https://www.comp.tmu.ac.jp/e-learning/kibaco/documents/9-6-3.html,フィードバックの表示設定について,受講生にはフィードバックは表示されません
https://www.comp.tmu.ac.jp/e-learning/kibaco/documents/9-6-3.html,フィードバックの表示設定について,即時フィードバック
https://www.comp.tmu.ac.jp/e-learning/kibaco/documents/9-6-3.html,フィードバックの表示設定について,提出物へのフィードバック
https://www.comp.tmu.ac.jp/e-learning/kibaco/documents/9-6-3.html,フィードバックの表示設定について,特定の日時にフィードバックが受講生に表示されます
https://www.comp.tmu.ac.jp/e-learning/kibaco/documents/9-6-3.html,フィードバックの表示設定について,注意即時フィードバックはテスト受講中にもフィードバックされるため、回答中に正解を確認できる設定にもなり得るのでご注意下さい。
https://www.comp.tmu.ac.jp/e-learning/kibaco/documents/9-6-3.html,フィードバックの表示設定について,【詳細フィードバックオプションを設定する】
https://www.comp.tmu.ac.jp/e-learning/kibaco/documents/9-6-3.html,フィードバックの表示設定について,「受講生のテスト点数のみを公開」を選択すると得点のみが公開されます。
https://www.comp.tmu.ac.jp/e-learning/kibaco/documents/9-6-3.html,フィードバックの表示設定について,「問題および次のものを公開」を選択すると下記の内容を設定できます。
https://www.comp.tmu.ac.jp/e-learning/kibaco/documents/9-6-3.html,フィードバックの表示設定について,受講生の解答
https://www.comp.tmu.ac.jp/e-learning/kibaco/documents/9-6-3.html,フィードバックの表示設定について,正解の解答
https://www.comp.tmu.ac.jp/e-learning/kibaco/documents/9-6-3.html,フィードバックの表示設定について,問題レベルのフィードバック
https://www.comp.tmu.ac.jp/e-learning/kibaco/documents/9-6-3.html,フィードバックの表示設定について,選択肢レベルのフィードバック
https://www.comp.tmu.ac.jp/e-learning/kibaco/documents/9-6-3.html,フィードバックの表示設定について,採点者のコメント
https://www.comp.tmu.ac.jp/e-learning/kibaco/documents/9-6-3.html,フィードバックの表示設定について,問題の得点
https://www.comp.tmu.ac.jp/e-learning/kibaco/documents/9-6-3.html,フィードバックの表示設定について,テストの得点
https://www.comp.tmu.ac.jp/e-learning/kibaco/documents/9-6-3.html,フィードバックの表示設定について,統計量およびヒストグラム
https://www.comp.tmu.ac.jp/e-learning/kibaco/documents/9-7.html,ゴミ箱,ゴミ箱
https://www.comp.tmu.ac.jp/e-learning/kibaco/documents/9-7.html,ゴミ箱,削除したテストアンケートはゴミ箱に移動します。間違って削除したテストアンケートを復活させるには次のようにします。
https://www.comp.tmu.ac.jp/e-learning/kibaco/documents/9-7.html,ゴミ箱,①「ゴミ箱」をクリックします。
https://www.comp.tmu.ac.jp/e-learning/kibaco/documents/9-7.html,ゴミ箱,②復活させたいテストアンケートを選択します。
https://www.comp.tmu.ac.jp/e-learning/kibaco/documents/9-7.html,ゴミ箱,③「リストア」をクリックします。
https://www.comp.tmu.ac.jp/e-learning/kibaco/documents/9-7.html,ゴミ箱,④テストアンケートが復活します。
https://www.comp.tmu.ac.jp/e-learning/kibaco/documents/9-8.html,イベントログ,イベントログ
https://www.comp.tmu.ac.jp/e-learning/kibaco/documents/9-8.html,イベントログ,イベントログには、授業内のすべてのテストアンケートの受講生の活動が表示されます。
https://www.comp.tmu.ac.jp/e-learning/kibaco/documents/9-8.html,イベントログ,①「イベントログ」をクリックします。
https://www.comp.tmu.ac.jp/e-learning/kibaco/documents/9-8.html,イベントログ,②イベントログが表示されます。
https://www.comp.tmu.ac.jp/e-learning/kibaco/documents/9-8.html,イベントログ,ヒントテストを開始していない受講生のログは表示されません。
https://www.comp.tmu.ac.jp/e-learning/kibaco/documents/9-9.html,ユーザ活動レポート,ユーザ活動レポート
https://www.comp.tmu.ac.jp/e-learning/kibaco/documents/9-9.html,ユーザ活動レポート,この機能を使用すると、教員は特定の受講生の提出したテストの内容を表示することができます。ヒント同一テストを複数回提出していた場合、その全ての内容を表示することができます。
https://www.comp.tmu.ac.jp/e-learning/kibaco/documents/9-9.html,ユーザ活動レポート,①「ユーザ活動レポート」をクリックします。
https://www.comp.tmu.ac.jp/e-learning/kibaco/documents/9-9.html,ユーザ活動レポート,②受講生を選択します。
https://www.comp.tmu.ac.jp/e-learning/kibaco/documents/9-9.html,ユーザ活動レポート,③テストやアンケートを選択します。
https://www.comp.tmu.ac.jp/e-learning/kibaco/documents/9-9.html,ユーザ活動レポート,④内容を確認できます。
